subset_sz,subset_n,time,d,subset
1,100,0.010268926620483398,0.5,"{""x1"":[2.053966230622603],""x2"":[2.751521930793872],""y"":[1]}"
2,5050,0.5670261383056641,0.09,"{""x1"":[1.2560296135126279,2.7662999011454845],""x2"":[1.3774093539695982,3.0475043767713745],""y"":[1,2]}"
3,171700,19.29615306854248,0.07,"{""x1"":[2.053966230622603,2.502663618493834,1.7740522507599383],""x2"":[2.751521930793872,2.965791200647362,3.146111851506774],""y"":[1,2,2]}"
4,4421275,485.4388291835785,0.05,"{""x1"":[2.053966230622603,0.8643566624997824,2.502663618493834,1.7740522507599383],""x2"":[2.751521930793872,6.616431653806727,2.965791200647362,3.146111851506774],""y"":[1,1,2,2]}"
