n_pts,n_ols,loss,time
2,465,0.0186132882112102,0.145103931427002
3,4960,2.014267061073174e-4,1.32765793800354
4,40920,1.6456222212920175e-7,10.9865388870239
5,278256,1.7700416019225083e-6,71.9279429912567
6,1623160,6.542909812285279e-8,417.539860963821
